{"cameraMode":{"drawMode":0,"name":"Shaded","section":"Shading Mode"},"sceneLighting":true,"audioPlay":false,"sceneViewState":{"showFog":true,"showMaterialUpdate":true,"showSkybox":true,"showFlares":true,"showImageEffects":true,"showParticleSystems":true,"showVisualEffectGraphs":true,"m_FxEnabled":true},"in2DMode":false,"pivot":{"x":1.7951977252960206,"y":1.4158744812011719,"z":-3.0571656227111818},"rotation":{"x":-0.005983103532344103,"y":-0.9627747535705566,"z":0.2693968713283539,"w":-0.02140096202492714},"size":6.0073957443237309,"orthographic":false}